customer_id,first_name,last_name,email,address,phone
1,Gabrielle,Davis,carlcooper@example.net,"785 Thomas Lock Apt. 642, East Veronica, IL 91422",+1-583-211-6914x95011
2,Dustin,Huang,edward71@example.net,"860 Miller Crossing Suite 642, Mccoyfort, ID 36874",+1-326-734-6764
3,Emily,Hunter,ybrown@example.com,"57306 Wolfe Gardens, Seanton, LA 15583",+1-780-377-9398
4,David,Mcfarland,karenmccullough@example.org,"728 Chase Station, Davidfurt, NY 33767",+1-373-602-1401x243
5,Patricia,Clark,washingtonamy@example.net,"649 Dodson Streets, Timothytown, NC 65201",001-720-825-9937
6,Mark,Jones,cuevaskara@example.org,"7452 Nelson Junction, North Emily, MH 48205",657.302.4011x327
7,Douglas,Guerrero,garciastephen@example.net,"Unit 3384 Box 4258, DPO AE 58501",(534)977-4815
8,Jason,Adams,ochandler@example.com,"7050 Rodriguez Springs Suite 144, Amandaville, AS 27414",(440)606-9473x4131
9,Christopher,Robertson,richard24@example.org,"950 Robert Fields, Jenniferburgh, MO 15954",414-258-4103x463
10,Joshua,Webb,ryan43@example.net,"265 Yates Springs Suite 507, Stephensland, FM 62407",5453138965
11,Cory,Smith,debrapearson@example.com,"63013 Isaac Drive, East Alexandra, MN 51416",001-712-949-8329
12,Lindsey,Mayo,colleencameron@example.net,"384 James Islands Suite 606, Lake Philip, NJ 99304",963.569.9653x65016
13,Steven,Wood,alexandrafisher@example.net,"549 Jamie Turnpike Suite 970, Bradleyborough, SD 38067",586-849-7830x16691
14,Andrew,Jackson,cassandrahowell@example.org,"79297 Travis Keys Apt. 807, West Andreahaven, PA 04244",+1-343-615-1534x64774
15,Rebecca,Baldwin,lauren44@example.com,"026 Tate Mall Suite 697, Port Victoriamouth, NM 70978",(964)523-8746x75024
16,Kevin,Phillips,hoodtiffany@example.org,"725 Ronald Manors, Debraborough, AR 69559",686-643-7427x0499
17,Taylor,Lee,zbrewer@example.net,"3375 Robert Forge, Jeffmouth, WV 59227",(532)920-8104
18,James,Sims,steven73@example.com,"5073 Joshua Harbor Apt. 629, Gordonmouth, AS 46882",234.496.0237
19,Edwin,Snyder,manuelmendoza@example.net,"42168 Leah Squares, Lake Dianeview, NC 25171",9139654801
20,William,Schroeder,janehunter@example.com,"983 West Cliff Apt. 499, Kennethmouth, MD 32459",+1-946-799-8564x18239
21,Michael,Wu,yjuarez@example.com,"18851 Stephanie Wells, West Nicholashaven, WY 49801",+1-926-318-8894x1556
22,Christopher,Sandoval,kelligonzales@example.org,"3467 Terrence Harbors, Rachelbury, FL 05710",547-664-5092
23,James,Figueroa,andrewmorris@example.net,"45281 Smith Port, Lisamouth, AS 25341",2112421641
24,Gregory,Doyle,cameron34@example.net,"50209 Nguyen Squares Suite 664, Phillipsview, OH 63990",449-290-4670
25,George,Sandoval,adavenport@example.net,"54909 Wyatt Course, Port Michelleland, OK 56183",447.596.4262x662
26,Angel,Nelson,christopherdixon@example.org,"178 Young Square, New Tyrone, CA 20480",001-888-849-9447x416
27,Dawn,Solis,ricky54@example.net,"616 Johnson Streets Suite 732, Rodriguezview, MD 70833",(451)984-4448x33673
28,Joseph,Barrett,jamesmills@example.com,"24097 Danielle Vista, Yorkfort, GA 49286",(438)979-1739x547
29,Dawn,Smith,scottcook@example.net,"241 Timothy Green Suite 633, Anthonyberg, VT 27389",001-948-969-0765
30,Samantha,Roth,freemanjimmy@example.net,"7528 Andrew Isle Suite 011, East Nicole, DC 84774",6725373296
